,Classifier,Actual,Pred,Type,Dataset,classAnonymousClassesQty,classAssignmentsQty,classCbo,classComparisonsQty,classLambdasQty,classLcom,classLoc,classLoopQty,classMathOperationsQty,classMaxNestedBlocks,classNosi,classNumberOfAbstractMethods,classNumberOfDefaultMethods,classNumberOfFields,classNumberOfFinalFields,classNumberOfFinalMethods,classNumberOfMethods,classNumberOfPrivateFields,classNumberOfPrivateMethods,classNumberOfProtectedFields,classNumberOfProtectedMethods,classNumberOfPublicFields,classNumberOfPublicMethods,classNumberOfStaticFields,classNumberOfStaticMethods,classNumberOfSynchronizedMethods,classNumbersQty,classParenthesizedExpsQty,classReturnQty,classRfc,classStringLiteralsQty,classSubClassesQty,classTryCatchQty,classUniqueWordsQty,classVariablesQty,classWmc,authorOwnership,bugFixCount,linesAdded,linesDeleted,qtyMajorAuthors,qtyMinorAuthors,qtyOfAuthors,qtyOfCommits,refactoringsInvolved
0,TBStack-LR,0,0,TreeStacking,Move And Rename Class,0.0549828178694158,0.0241557801331032,0.0501474926253687,0.0198275862068965,0.0,5.134414370229593e-05,0.0373341999959375,0.0073710073710073,0.002008032128514,0.2857142857142857,0.0044091710758377,0.0,0.0,0.0096881622767181,0.0063617085731596,0.0,0.0142326732673267,0.1608040201005025,0.0439560439560439,0.0,0.0,0.0,0.0140449438202247,0.004844081138359,0.0018181818181818,0.0,0.0043012640449438,0.001927607624759,0.0224719101123595,0.1195476575121163,0.004527712724434,0.0332068311195445,0.0091324200913242,0.166021505376344,0.0211928549803209,0.0324986680873734,0.375,0.055079559363525,0.0104392710811648,0.00660928566941,0.3846153846153846,0.0285714285714285,0.0754716981132075,0.0315492957746478,0.0051948051948051
1,TBStack-LR,0,0,TreeStacking,Move And Rename Class,0.0,0.004929751047572,0.0019665683382497,0.0,0.0,5.134414370229593e-05,0.0019093660498466,0.0,0.003012048192771,0.0952380952380952,0.0004409171075837,0.0,0.0,0.0030275507114744,0.0012117540139351,0.0,0.0092821782178217,0.050251256281407,0.0,0.0,0.0,0.0,0.0140449438202247,0.0,0.0,0.0,0.0,0.0,0.0112359550561797,0.0088852988691437,0.0040593286494925,0.0009487666034155,0.0045662100456621,0.0249462365591397,0.0051468362095065,0.0045285029302077,0.6230508474576271,0.0012239902080783,0.012288086532033,0.0395677577432933,0.1538461538461538,0.0571428571428571,0.0754716981132075,0.8309859154929577,0.0
2,TBStack-LR,0,0,TreeStacking,Move And Rename Class,0.0,0.0184865664283953,0.0068829891838741,0.0,0.0,0.0,0.0028640490747699,0.0,0.0002510040160642,0.0476190476190476,0.033068783068783,0.0,0.0,0.0217983651226158,0.021811572250833,0.0,0.0049504950495049,0.0050251256281407,0.0,0.0,0.0,0.0196790796245837,0.0028089887640449,0.0217983651226158,0.0036363636363636,0.0,0.0,0.0,0.0051858254105445,0.0088852988691437,0.0202966432474629,0.0009487666034155,0.0,0.0236559139784946,0.0227066303360581,0.0029302077783697,0.24,0.1248470012239902,0.0029730446442244,0.003317208016586,0.4615384615384615,0.3047619047619048,0.3584905660377358,0.0704225352112676,0.0
3,TBStack-LR,0,0,TreeStacking,Move And Rename Class,0.0,0.0007394626571358,0.0058997050147492,0.0,0.0,3.2952211629831713e-05,0.0008328085962097,0.0,0.0,0.0952380952380952,0.0004409171075837,0.0,0.0,0.0003027550711474,0.0,0.0,0.0061881188118811,0.0050251256281407,0.0219780219780219,0.0,0.0,0.0,0.0056179775280898,0.0,0.0,0.0,0.0,0.0,0.0008643042350907,0.0064620355411954,0.0001561280249804,0.0009487666034155,0.0,0.0124731182795698,0.0006055101422948,0.0037293553542887,0.0,0.0,0.0,0.0,0.0,0.0,0.0,0.0,0.0
4,TBStack-LR,0,0,TreeStacking,Move And Rename Class,0.0,0.0204584668474242,0.015732546705998,0.0120689655172413,0.0,0.0006099990804033,0.0136702484207105,0.0024570024570024,0.0002510040160642,0.1428571428571428,0.005731922398589,0.0,0.0,0.0057523463518013,0.0039382005452893,0.0,0.0321782178217821,0.0653266331658291,0.0109890109890109,0.0,0.0,0.0018165304268846,0.045880149812734,0.0033303057826218,0.0027272727272727,0.0,0.0028967696629213,0.0017134289997858,0.0587726879861711,0.0500807754442649,0.0059328649492583,0.0047438330170777,0.0091324200913242,0.0503225806451612,0.0121102028458976,0.0396909962706446,0.0,0.0,0.0,0.0,0.0,0.0,0.0,0.0,0.0
5,TBStack-LR,0,0,TreeStacking,Move And Rename Class,0.0,0.0014789253142716,0.0167158308751229,0.0,0.0,0.0,0.004956226767687,0.0,0.0,0.0952380952380952,0.0004409171075837,0.0,0.0,0.0015137753557372,0.0015146925174189,0.0,0.0018564356435643,0.0251256281407035,0.0054945054945054,0.0,0.0,0.0,0.0018726591760299,0.0,0.0,0.0,0.0,0.0,0.0008643042350907,0.005654281098546,0.0,0.00853889943074,0.0,0.053763440860215,0.0018165304268846,0.001598295151838,0.0,0.0,0.0,0.0,0.0,0.0,0.0,0.0,0.0
6,TBStack-LR,0,0,TreeStacking,Move And Rename Class,0.0824742268041237,0.1091939857037219,0.1032448377581121,0.0870689655172413,0.0,0.0040784109370689,0.0525278787755682,0.0073710073710073,0.0243473895582329,0.2857142857142857,0.0216049382716049,0.0,0.0,0.0423857099606418,0.0139351711602544,0.0,0.0798267326732673,0.6130653266331658,0.4065934065934066,0.0,0.0467836257309941,0.0051468362095065,0.0440074906367041,0.0121102028458976,0.0081818181818181,0.0,0.0225596910112359,0.0070678946241165,0.1071737251512532,0.3045234248788369,0.0112412177985948,0.0028462998102466,0.0228310502283105,0.2240860215053763,0.0865879503481683,0.1707511987213638,0.3022151898734177,0.1664626682986535,0.0082468374050848,0.0104793616887604,0.4615384615384615,0.0666666666666666,0.1226415094339622,0.1780281690140845,0.0865800865800865
7,TBStack-LR,0,0,TreeStacking,Move And Rename Class,0.0,0.0014789253142716,0.0324483775811209,0.0,0.0,0.0001839193207246,0.0027015498364851,0.0,0.0,0.0476190476190476,0.005731922398589,0.0,0.0,0.0018165304268846,0.0018176310209027,0.0,0.0228960396039603,0.0,0.0,0.0,0.0,0.0015137753557372,0.0337078651685393,0.0018165304268846,0.0336363636363636,0.0,0.000438904494382,0.0,0.0285220397579948,0.024232633279483,0.0001561280249804,0.0009487666034155,0.0,0.0468817204301075,0.0018165304268846,0.0098561534363345,0.0,0.0,0.0,0.0,0.0,0.0,0.0,0.0,0.0
8,TBStack-LR,0,0,TreeStacking,Move And Rename Class,0.0,0.0529948237614,0.0265486725663716,0.1206896551724137,0.0,0.0138943383502436,0.0462310332920314,0.0466830466830466,0.0489457831325301,0.238095238095238,0.0004409171075837,0.0,0.0,0.0006055101422948,0.0003029385034837,0.5013550135501355,0.1181930693069307,0.0100502512562814,0.1043956043956044,0.0,0.9824561403508772,0.0,0.0028089887640449,0.0,0.0027272727272727,0.0,0.0350245786516853,0.0059970014992503,0.0700086430423509,0.1857835218093699,0.0004683840749414,0.0009487666034155,0.0045662100456621,0.1625806451612903,0.0505600968816227,0.1212040490143846,0.6923076923076923,0.0159118727050183,0.0010868793862679,0.0013570396431488,0.1538461538461538,0.0380952380952381,0.0566037735849056,0.0146478873239436,0.0051948051948051
9,TBStack-LR,0,0,TreeStacking,Move And Rename Class,0.0,0.0256347054473749,0.039331366764995,0.0267241379310344,0.0,1.9158262575483554e-05,0.0123499421096463,0.0196560196560196,0.0025100401606425,0.2857142857142857,0.0008818342151675,0.0,0.0,0.0015137753557372,0.0003029385034837,0.0,0.0086633663366336,0.0201005025125628,0.0549450549450549,0.0,0.0,0.0,0.0037453183520599,0.0003027550711474,0.0018181818181818,0.0,0.0005266853932584,0.0006425358749196,0.0155574762316335,0.1082390953150242,0.0028103044496487,0.0009487666034155,0.045662100456621,0.075268817204301,0.0245231607629427,0.0388918486947256,0.5813953488372093,0.011015911872705,0.0023679777693948,0.0011811270968147,0.2307692307692307,0.0095238095238095,0.0377358490566037,0.012112676056338,0.0086580086580086
10,TBStack-LR,0,0,TreeStacking,Move And Rename Class,0.0687285223367697,0.0098595020951441,0.0383480825958702,0.0043103448275862,0.0,0.0002490574134812,0.0120858808474335,0.0049140049140049,0.0005020080321285,0.1904761904761904,0.0008818342151675,0.0,0.0,0.0069633666363911,0.0006058770069675,0.0,0.0167079207920792,0.0452261306532663,0.0384615384615384,0.1444444444444444,0.0058479532163742,0.0003027550711474,0.0177902621722846,0.0003027550711474,0.0009090909090909,0.0,0.0007900280898876,0.0008567144998929,0.0155574762316335,0.0848142164781906,0.0007806401249024,0.0047438330170777,0.0,0.0946236559139784,0.0133212231304874,0.0151838039424613,0.391304347826087,0.0269277845777233,0.0005266322799442,0.0028146007413457,0.3076923076923077,0.0476190476190476,0.0849056603773584,0.0194366197183098,0.0025974025974025
11,TBStack-LR,0,0,TreeStacking,Move And Rename Class,0.0,0.0071481390189795,0.0127826941986234,0.0017241379310344,0.0,1.1494957545290131e-05,0.0023765513599155,0.0049140049140049,0.001004016064257,0.238095238095238,0.0008818342151675,0.0,0.0,0.0003027550711474,0.0,0.0,0.0037128712871287,0.0050251256281407,0.0054945054945054,0.0,0.0,0.0,0.0046816479400749,0.0,0.0,0.0,8.778089887640449e-05,0.0,0.003457216940363,0.029886914378029,0.0010928961748633,0.0009487666034155,0.0,0.0223655913978494,0.0087798970632758,0.0050612679808204,0.0,0.0,0.0,0.0,0.0,0.0,0.0,0.0,0.0
12,TBStack-LR,0,0,TreeStacking,Move And Rename Class,0.0,0.0009859502095144,0.0216322517207472,0.0,0.0,5.977377923550869e-05,0.0013812435254209,0.0024570024570024,0.0,0.1428571428571428,0.0,0.0,0.0,0.0,0.0,0.0,0.0080445544554455,0.0,0.0,0.0,0.0,0.0,0.0065543071161048,0.0,0.0118181818181818,0.0,8.778089887640449e-05,0.0002141786249732,0.0129645635263612,0.0024232633279483,0.0,0.0009487666034155,0.0,0.013763440860215,0.0006055101422948,0.0045285029302077,1.0,0.0024479804161566,0.000212893900403,2.513036376201545e-05,0.0769230769230769,0.0,0.0094339622641509,0.0019718309859154,0.0008658008658008
13,TBStack-LR,0,1,TreeStacking,Move And Rename Class,0.0,0.0002464875523786,0.0029498525073746,0.0008620689655172,0.0,0.0,0.0002843736669984,0.0,0.0,0.0952380952380952,0.0,0.0,0.0,0.0003027550711474,0.0003029385034837,0.0,0.0012376237623762,0.0050251256281407,0.0,0.0,0.0,0.0,0.0018726591760299,0.0,0.0,0.0,0.0,0.0002141786249732,0.0025929127052722,0.0024232633279483,0.0,0.0009487666034155,0.0,0.0043010752688172,0.0003027550711474,0.0010655301012253,0.74,0.00734394124847,0.0033465427151068,5.026072752403091e-05,0.2307692307692307,0.0095238095238095,0.0377358490566037,0.0140845070422535,0.0
14,TBStack-LR,0,0,TreeStacking,Move And Rename Class,0.0,0.0088735518856297,0.0265486725663716,0.0,0.0,0.0012230634828188,0.0028640490747699,0.0,0.0,0.0,0.0,0.0,0.0,0.0108991825613079,0.0,0.0,0.0352722772277227,0.0,0.0,0.0,0.0,0.0,0.0,0.0,0.0,0.0,0.0,0.0,0.0,0.0,0.0056206088992974,0.0009487666034155,0.0,0.0546236559139785,0.0108991825613079,0.0151838039424613,0.8888888888888888,0.0024479804161566,7.469961417649277e-05,6.282590940503864e-05,0.1538461538461538,0.0,0.0188679245283018,0.0025352112676056,0.0008658008658008
15,TBStack-LR,0,0,TreeStacking,Move And Rename Class,0.0,0.0007394626571358,0.0009832841691248,0.0025862068965517,0.0,7.663305030193421e-06,0.0005281225244256,0.0,0.0,0.0952380952380952,0.0022045855379188,0.0,0.0,0.0003027550711474,0.0003029385034837,0.0,0.0030940594059405,0.0050251256281407,0.0054945054945054,0.0,0.0,0.0,0.0037453183520599,0.0003027550711474,0.0036363636363636,0.0,0.0,0.0,0.0051858254105445,0.0048465266558966,0.0001561280249804,0.0009487666034155,0.0,0.0077419354838709,0.0009082652134423,0.0018646776771443,0.0,0.0,0.0,0.0,0.0,0.0,0.0,0.0,0.0
16,TBStack-LR,0,1,TreeStacking,Move And Rename Class,0.0,0.0293320187330539,0.0324483775811209,0.0025862068965517,0.0,2.758789810869632e-05,0.00674371838882,0.0221130221130221,0.0002510040160642,0.1904761904761904,0.0171957671957671,0.0,0.0,0.0,0.0,0.0,0.005569306930693,0.0,0.0384615384615384,0.0,0.0,0.0,0.0018726591760299,0.0,0.0,0.0,0.0014922752808988,0.0029985007496251,0.0086430423509075,0.0597738287560581,0.0107728337236533,0.0009487666034155,0.0045662100456621,0.08,0.0248259158340902,0.0210442194992008,0.0,0.0,0.0,0.0,0.0,0.0,0.0,0.0,0.0
17,TBStack-LR,0,0,TreeStacking,Move And Rename Class,0.0,0.0039438008380576,0.0,0.0017241379310344,0.0,0.0,0.0009749954297089,0.0049140049140049,0.0015060240963855,0.1904761904761904,0.0013227513227513,0.0,0.0,0.0,0.0,0.0,0.0006188118811881,0.0,0.0,0.0,0.0,0.0,0.0009363295880149,0.0,0.0009090909090909,0.0,0.0010533707865168,0.0002141786249732,0.0,0.011308562197092,0.0032786885245901,0.0009487666034155,0.0045662100456621,0.0210752688172043,0.0039358159249167,0.0026638252530633,0.0,0.0,0.0,0.0,0.0,0.0,0.0,0.0,0.0
18,TBStack-LR,0,0,TreeStacking,Move And Rename Class,0.0,0.0069016514666009,0.0068829891838741,0.0043103448275862,0.0,0.0,0.001685929597205,0.0,0.0005020080321285,0.1428571428571428,0.0013227513227513,0.0,0.0,0.0,0.0,0.0,0.0006188118811881,0.0,0.0,0.0,0.0,0.0,0.0009363295880149,0.0,0.0009090909090909,0.0,0.0007900280898876,0.0006425358749196,0.003457216940363,0.0169628432956381,0.00967993754879,0.0009487666034155,0.0182648401826484,0.0236559139784946,0.0063578564940962,0.003196590303676,0.72,0.0024479804161566,0.0009113352929532,0.0005277376390023,0.1538461538461538,0.019047619047619,0.0377358490566037,0.0070422535211267,0.0017316017316017
19,TBStack-LR,0,0,TreeStacking,Move And Rename Class,0.0,0.0,0.0009832841691248,0.0,0.0,2.2989915090580268e-06,6.09372143568077e-05,0.0,0.0,0.0,0.0,0.0,0.0,0.0,0.0,0.0,0.0018564356435643,0.0,0.0,0.0,0.0,0.0,0.0,0.0,0.0,0.0,0.0,0.0,0.0,0.0,0.0,0.0009487666034155,0.0,0.0025806451612903,0.0,0.000799147575919,1.0,0.0,3.734980708824639e-05,1.2565181881007728e-05,0.0769230769230769,0.0,0.0094339622641509,0.0005633802816901,0.0025974025974025
20,TBStack-LR,0,0,TreeStacking,Move And Rename Class,0.0,0.0064086763618437,0.0127826941986234,0.0448275862068965,0.0,6.820341476872145e-05,0.0087140216530235,0.0049140049140049,0.0015060240963855,0.238095238095238,0.0145502645502645,0.0140845070422535,0.0,0.0009082652134423,0.0009088155104513,0.0,0.0086633663366336,0.0150753768844221,0.0,0.0,0.0058479532163742,0.0,0.0121722846441947,0.0009082652134423,0.0063636363636363,0.0,0.0021067415730337,0.0027843221246519,0.0630942091616248,0.0411954765751211,0.004527712724434,0.0009487666034155,0.0091324200913242,0.0344086021505376,0.0063578564940962,0.0444858817261587,0.7560975609756098,0.02937576499388,0.0024240024800271,0.0024125149211534,0.1538461538461538,0.0,0.0188679245283018,0.0115492957746478,0.0086580086580086
21,TBStack-LR,0,1,TreeStacking,Move And Rename Class,0.0,0.0002464875523786,0.0176991150442477,0.0,0.0,0.0,0.0006499969531392,0.0,0.0,0.0476190476190476,0.0,0.0,0.0,0.0,0.0,0.0,0.0006188118811881,0.0,0.0,0.0,0.0058479532163742,0.0,0.0,0.0,0.0,0.0,0.0,0.0,0.0,0.0064620355411954,0.0,0.0009487666034155,0.0,0.006021505376344,0.0003027550711474,0.0002663825253063,1.0,0.0012239902080783,0.0002539786882,2.513036376201545e-05,0.0769230769230769,0.0,0.0094339622641509,0.0011267605633802,0.0008658008658008
22,TBStack-LR,0,0,TreeStacking,Move And Rename Class,0.0,0.0120778900665516,0.023598820058997,0.0051724137931034,0.0,0.0,0.0056265361256119,0.0024570024570024,0.0035140562248995,0.238095238095238,0.0030864197530864,0.0,0.0,0.0015137753557372,0.0009088155104513,0.0,0.0068069306930693,0.0201005025125628,0.0054945054945054,0.0,0.0350877192982456,0.0,0.0037453183520599,0.0012110202845897,0.0,0.0,0.0007900280898876,0.0014992503748125,0.0060501296456352,0.0516962843295638,0.0148321623731459,0.0009487666034155,0.0410958904109589,0.0584946236559139,0.0127157129881925,0.0170484816196057,0.625,0.01468788249694,0.0010383246370532,0.0006031287302883,0.1538461538461538,0.0095238095238095,0.0283018867924528,0.0090140845070422,0.0025974025974025
23,TBStack-LR,0,1,TreeStacking,Move And Rename Class,0.0068728522336769,0.0175006162188809,0.0471976401179941,0.0051724137931034,0.0,0.000159396744628,0.0105421380837277,0.0466830466830466,0.0060240963855421,0.2857142857142857,0.0008818342151675,0.0,0.0,0.0054495912806539,0.0003029385034837,0.0,0.0173267326732673,0.0904522613065326,0.0604395604395604,0.0,0.0,0.0,0.0140449438202247,0.0003027550711474,0.0,0.0,0.0001755617977528,0.0002141786249732,0.0224719101123595,0.1025848142164781,0.0054644808743169,0.0018975332068311,0.0684931506849315,0.0838709677419354,0.017862549197699,0.0293020777836973,0.0,0.0,0.0,0.0,0.0,0.0,0.0,0.0,0.0
24,TBStack-LR,0,0,TreeStacking,Move And Rename Class,0.0,0.0,0.127826941986234,0.0,0.0,0.0049359347699475,0.0050374763868294,0.0,0.0,0.0,0.0,0.0,0.0,0.0,0.0,0.0,0.0705445544554455,0.0,0.0,0.0,0.0,0.0,0.0,0.0,0.0,0.0,0.0,0.0,0.0,0.0,0.0,0.0018975332068311,0.0,0.0529032258064516,0.0,0.0303676078849227,0.1917808219178082,0.00734394124847,0.0009935048685473,0.0008293020041465,0.4615384615384615,0.0761904761904762,0.1320754716981132,0.0411267605633802,0.0008658008658008
25,TBStack-LR,0,0,TreeStacking,Move And Rename Class,0.0,0.0004929751047572,0.0137659783677482,0.0,0.0,0.0003563436839039,0.0010765574536369,0.0,0.0,0.0,0.0,0.0,0.0,0.0006055101422948,0.0006058770069675,0.0,0.0191831683168316,0.0,0.0,0.0,0.0,0.0006055101422948,0.0,0.0006055101422948,0.0,0.0,0.0001755617977528,0.0,0.0,0.0,0.0,0.0028462998102466,0.0,0.0318279569892473,0.0006055101422948,0.0082578582844965,0.56,0.0171358629130966,0.0140509974265982,0.000100521455048,0.1538461538461538,0.0095238095238095,0.0283018867924528,0.0140845070422535,0.0
26,TBStack-LR,0,0,TreeStacking,Move And Rename Class,0.0,0.014296278037959,0.0589970501474926,0.0,0.0384615384615384,0.0001471354565797,0.0079827750807418,0.0049140049140049,0.0015060240963855,0.2857142857142857,0.0061728395061728,0.0,0.0,0.0054495912806539,0.0003029385034837,0.0,0.0129950495049504,0.0904522613065326,0.0164835164835164,0.0,0.0058479532163742,0.0,0.0149812734082397,0.0003027550711474,0.0,0.0,0.0006144662921348,0.0,0.0233362143474503,0.1478190630048465,0.0110850897736143,0.0018975332068311,0.0273972602739726,0.1217204301075268,0.0175597941265516,0.0117208311134789,0.1254237288135593,0.0893512851897184,0.0050347539954956,0.0127285292454608,0.3076923076923077,0.4571428571428572,0.490566037735849,0.0830985915492957,0.0346320346320346
27,TBStack-LR,0,0,TreeStacking,Move And Rename Class,0.0,0.0177471037712595,0.0422812192723697,0.0103448275862068,0.0,3.0653220120773688e-06,0.006946842436676,0.0122850122850122,0.0055220883534136,0.3333333333333333,0.005731922398589,0.0,0.0,0.0009082652134423,0.0006058770069675,0.0,0.0030940594059405,0.0100502512562814,0.0054945054945054,0.0,0.0,0.0003027550711474,0.0018726591760299,0.0009082652134423,0.0045454545454545,0.0,0.001316713483146,0.0004283572499464,0.0051858254105445,0.048465266558966,0.0060889929742388,0.0028462998102466,0.0273972602739726,0.0675268817204301,0.0105964274901604,0.0194459243473628,0.0,0.0,0.0,0.0,0.0,0.0,0.0,0.0,0.0
28,TBStack-LR,0,0,TreeStacking,Move And Rename Class,0.0034364261168384,0.0083805767808725,0.0137659783677482,0.0060344827586206,0.0,1.6859271066425527e-05,0.0043062298145477,0.0073710073710073,0.0007530120481927,0.238095238095238,0.0,0.0,0.0,0.0012110202845897,0.0012117540139351,0.0,0.010519801980198,0.0201005025125628,0.0384615384615384,0.0,0.0,0.0,0.0093632958801498,0.0,0.0,0.0,0.0001755617977528,0.0006425358749196,0.0112359550561797,0.0492730210016155,0.0026541764246682,0.0009487666034155,0.0136986301369863,0.0309677419354838,0.0093854072055706,0.0125199786893979,0.0,0.0,0.0,0.0,0.0,0.0,0.0,0.0,0.0
29,TBStack-LR,0,0,TreeStacking,Move And Rename Class,0.0,0.0083805767808725,0.007866273352999,0.0017241379310344,0.0,0.0003632406584311,0.0046312282911173,0.0,0.0005020080321285,0.0952380952380952,0.0224867724867724,0.0,0.0,0.0057523463518013,0.0021205695243865,0.0,0.0204207920792079,0.0,0.0054945054945054,0.1444444444444444,0.0058479532163742,0.0018165304268846,0.0290262172284644,0.002119285498032,0.0009090909090909,0.0,0.0001755617977528,0.0002141786249732,0.0190146931719965,0.0096930533117932,0.0341920374707259,0.0009487666034155,0.0,0.0387096774193548,0.0069633666363911,0.0101225359616409,0.2898550724637681,0.0244798041615667,0.0008739854858649,0.0031412954702519,0.5384615384615385,0.0380952380952381,0.1037735849056603,0.0194366197183098,0.0069264069264069
30,TBStack-LR,0,0,TreeStacking,Move And Rename Class,0.0,0.0019719004190288,0.0,0.0,0.0,0.0,0.0001828116430704,0.0,0.0,0.0,0.0,0.0,0.0,0.0024220405691795,0.0024235080278703,0.0,0.0,0.0,0.0,0.0,0.0,0.0024220405691795,0.0,0.0024220405691795,0.0,0.0,0.0,0.0,0.0,0.0,0.0012490241998438,0.0009487666034155,0.0,0.0090322580645161,0.0024220405691795,0.0,0.0,0.0,0.0,0.0,0.0,0.0,0.0,0.0,0.0
31,TBStack-LR,0,0,TreeStacking,Move And Rename Class,0.0378006872852233,0.0177471037712595,0.0511307767944936,0.0060344827586206,0.0,0.000281243294608,0.013081188681928,0.0343980343980344,0.0027610441767068,0.3809523809523809,0.0092592592592592,0.0,0.0,0.0030275507114744,0.0030293850348379,0.0,0.0191831683168316,0.0301507537688442,0.0329670329670329,0.0,0.0,0.0012110202845897,0.0224719101123595,0.0015137753557372,0.0018181818181818,0.0,0.0007022471910112,0.0008567144998929,0.0190146931719965,0.1009693053311793,0.0018735362997658,0.0094876660341555,0.0273972602739726,0.1221505376344086,0.0196790796245837,0.0237080447522642,0.4711538461538461,0.0171358629130966,0.0011391691161915,0.0028397311051077,0.2307692307692307,0.0380952380952381,0.0660377358490566,0.0292957746478873,0.0147186147186147
32,TBStack-LR,0,0,TreeStacking,Move And Rename Class,0.0137457044673539,0.0041902883904362,0.0127826941986234,0.0068965517241379,0.0,7.663305030193421e-06,0.0029046738843411,0.0024570024570024,0.0,0.1428571428571428,0.0008818342151675,0.0,0.0,0.0,0.0,0.0,0.0030940594059405,0.0,0.0219780219780219,0.0,0.0,0.0,0.0009363295880149,0.0,0.0045454545454545,0.0,0.0001755617977528,0.0010708931248661,0.0,0.0218093699515347,0.0,0.0009487666034155,0.0,0.0232258064516129,0.0030275507114744,0.0071923281832711,0.0,0.0,0.0,0.0,0.0,0.0,0.0,0.0,0.0
33,TBStack-LR,0,0,TreeStacking,Move And Rename Class,0.0,0.0014789253142716,0.0039331366764995,0.0008620689655172,0.0,0.0,0.0013609311206353,0.0098280098280098,0.0005020080321285,0.0952380952380952,0.0004409171075837,0.0,0.0,0.0006055101422948,0.0006058770069675,0.0,0.0043316831683168,0.0100502512562814,0.0,0.0,0.0,0.0,0.0065543071161048,0.0,0.0,0.0,0.0,0.0,0.0051858254105445,0.0080775444264943,0.0006245120999219,0.0018975332068311,0.0,0.0159139784946236,0.0018165304268846,0.0034629728289824,0.0,0.0,0.0,0.0,0.0,0.0,0.0,0.0,0.0
34,TBStack-LR,0,0,TreeStacking,Move And Rename Class,0.0378006872852233,0.0041902883904362,0.0176991150442477,0.0051724137931034,0.0,0.0,0.0055655989112551,0.0,0.0007530120481927,0.0952380952380952,0.0004409171075837,0.0,0.0,0.0027247956403269,0.0018176310209027,0.0,0.0049504950495049,0.0301507537688442,0.0,0.0,0.0,0.0009082652134423,0.0065543071161048,0.0,0.0009090909090909,0.0,0.0007900280898876,0.0006425358749196,0.006914433880726,0.0177705977382875,0.0006245120999219,0.0028462998102466,0.0045662100456621,0.0451612903225806,0.0051468362095065,0.0058604155567394,0.5324675324675324,0.04406364749082,0.001277363402418,0.0011685619149337,0.2307692307692307,0.0380952380952381,0.0660377358490566,0.0216901408450704,0.0017316017316017
35,TBStack-LR,0,0,TreeStacking,Move And Rename Class,0.0,0.0054227261523293,0.0196656833824975,0.0,0.0,1.45602795573675e-05,0.0031077979321971,0.0,0.0007530120481927,0.238095238095238,0.0004409171075837,0.0,0.0,0.0009082652134423,0.0,0.0,0.0086633663366336,0.0,0.0,0.0333333333333333,0.0,0.0,0.0131086142322097,0.0003027550711474,0.0,0.0,0.0,0.0004283572499464,0.0051858254105445,0.0258481421647819,0.0015612802498048,0.0009487666034155,0.0410958904109589,0.0305376344086021,0.004844081138359,0.0071923281832711,0.0,0.0,0.0,0.0,0.0,0.0,0.0,0.0,0.0
36,TBStack-LR,0,0,TreeStacking,Move And Rename Class,0.0,0.0054227261523293,0.0009832841691248,0.0008620689655172,0.0,7.663305030193421e-06,0.0025187381934147,0.0,0.0027610441767068,0.1904761904761904,0.005731922398589,0.0,0.0,0.0033303057826218,0.0027264465313541,0.013550135501355,0.005569306930693,0.0050251256281407,0.0109890109890109,0.0,0.0,0.0030275507114744,0.0065543071161048,0.0033303057826218,0.0081818181818181,0.0,0.0016678370786516,0.0,0.0181503889369057,0.0105008077544426,0.0049960967993754,0.0009487666034155,0.0228310502283105,0.024516129032258,0.0063578564940962,0.0095897709110282,0.9933333333333332,0.0917992656058751,0.0014454375343151,0.0018722121002701,0.0769230769230769,0.0095238095238095,0.0188679245283018,0.0422535211267605,0.0
37,TBStack-LR,0,0,TreeStacking,Move And Rename Class,0.0068728522336769,0.0667981266946019,0.0914454277286135,0.0543103448275862,0.0128205128205128,0.0063061337093461,0.0364810789949422,0.0786240786240786,0.0112951807228915,0.2857142857142857,0.0731922398589065,0.0,0.0,0.0099909173478655,0.0039382005452893,0.0,0.0829207920792079,0.0402010050251256,0.0109890109890109,0.1111111111111111,0.0818713450292397,0.0039358159249167,0.1104868913857678,0.0093854072055706,0.1045454545454545,0.0,0.0093047752808988,0.0044977511244377,0.1132238547968885,0.2382875605815832,0.0510538641686182,0.0113851992409867,0.1050228310502283,0.2305376344086021,0.0602482591583409,0.0982951518380394,0.2124352331606217,0.0575275397796817,0.0043251076608189,0.0037821197461833,0.5384615384615385,0.2380952380952381,0.3018867924528302,0.0543661971830986,0.0147186147186147
38,TBStack-LR,0,0,TreeStacking,Move And Rename Class,0.0,0.0032043381809218,0.0167158308751229,0.0068965517241379,0.0,2.1457254084541585e-05,0.0033109219800532,0.0049140049140049,0.0,0.2857142857142857,0.0,0.0,0.0,0.0006055101422948,0.0003029385034837,0.0,0.0049504950495049,0.0050251256281407,0.0054945054945054,0.0,0.0175438596491228,0.0003027550711474,0.0037453183520599,0.0003027550711474,0.0,0.0,0.000438904494382,0.0014992503748125,0.010371650821089,0.0201938610662358,0.0099921935987509,0.0009487666034155,0.0,0.0219354838709677,0.0027247956403269,0.0098561534363345,0.0,0.0,0.0,0.0,0.0,0.0,0.0,0.0,0.0
39,TBStack-LR,0,0,TreeStacking,Move And Rename Class,0.0,0.0,0.0019665683382497,0.0,0.0,0.0,4.062480957120514e-05,0.0,0.0,0.0,0.0,0.0,0.0,0.0,0.0,0.0,0.0006188118811881,0.0,0.0,0.0,0.0,0.0,0.0,0.0,0.0,0.0,0.0,0.0,0.0,0.0,0.0,0.0009487666034155,0.0,0.0038709677419354,0.0,0.0002663825253063,0.0,0.0,0.0,0.0,0.0,0.0,0.0,0.0,0.0
40,TBStack-LR,0,0,TreeStacking,Move And Rename Class,0.0,0.0081340892284939,0.0,0.0,0.0,0.0,0.0006703093579248,0.0,0.0,0.0,0.0,0.0,0.0,0.0099909173478655,0.0099969706149651,0.0,0.0,0.0,0.0,0.0,0.0,0.0099909173478655,0.0,0.0099909173478655,0.0,0.0,0.0,0.0,0.0,0.0,0.0051522248243559,0.0009487666034155,0.0,0.0124731182795698,0.0099909173478655,0.0,0.0,0.0,0.0,0.0,0.0,0.0,0.0,0.0,0.0
41,TBStack-LR,0,0,TreeStacking,Move And Rename Class,0.0206185567010309,0.0076411141237367,0.0127826941986234,0.0017241379310344,0.0,0.0,0.0032296723609108,0.0049140049140049,0.0005020080321285,0.1904761904761904,0.0004409171075837,0.0,0.0,0.0033303057826218,0.0024235080278703,0.0,0.0030940594059405,0.0351758793969849,0.0219780219780219,0.0,0.0,0.0012110202845897,0.0009363295880149,0.0012110202845897,0.0,0.0,0.0010533707865168,0.0,0.0025929127052722,0.0274636510500807,0.0010928961748633,0.0009487666034155,0.0045662100456621,0.032258064516129,0.0081743869209809,0.0042621204049014,0.274390243902439,0.0636474908200734,0.1183279238362733,0.001721429917698,0.3076923076923077,0.2285714285714286,0.2641509433962264,0.0461971830985915,0.0034632034632034
42,TBStack-LR,0,0,TreeStacking,Move And Rename Class,0.0034364261168384,0.0086270643332511,0.0373647984267453,0.0146551724137931,0.0,1.2261288048309477e-05,0.005159350815543,0.0024570024570024,0.0002510040160642,0.1904761904761904,0.0008818342151675,0.0,0.0,0.0081743869209809,0.0081793395940624,0.0,0.0049504950495049,0.050251256281407,0.0054945054945054,0.1888888888888888,0.0058479532163742,0.0,0.0,0.0081743869209809,0.0072727272727272,0.0,0.0024578651685393,0.0002141786249732,0.0008643042350907,0.0411954765751211,0.0,0.0018975332068311,0.0,0.046021505376344,0.0099909173478655,0.0106553010122535,0.3333333333333333,0.0,0.0003660281094648,1.2565181881007728e-05,0.2307692307692307,0.0380952380952381,0.0660377358490566,0.0059154929577464,0.0008658008658008
43,TBStack-LR,0,0,TreeStacking,Move And Rename Class,0.0034364261168384,0.0039438008380576,0.0088495575221238,0.0017241379310344,0.0,0.0,0.0011781194775649,0.0073710073710073,0.0,0.1904761904761904,0.0,0.0,0.0,0.0009082652134423,0.0009088155104513,0.0,0.0024752475247524,0.0150753768844221,0.0,0.0,0.0,0.0,0.0028089887640449,0.0,0.0,0.0,0.0003511235955056,0.0,0.0017286084701815,0.0064620355411954,0.0001561280249804,0.0009487666034155,0.0,0.0172043010752688,0.0039358159249167,0.003196590303676,0.0,0.0,0.0,0.0,0.0,0.0,0.0,0.0,0.0
44,TBStack-LR,0,0,TreeStacking,Move And Rename Class,0.0,0.011831402514173,0.0049164208456243,0.0,0.0,0.0,0.0036968576709796,0.0,0.0035140562248995,0.0476190476190476,0.0070546737213403,0.0,0.0,0.0090826521344232,0.0090881551045137,0.0,0.0068069306930693,0.0050251256281407,0.0,0.0,0.0,0.0087798970632758,0.0102996254681647,0.0081743869209809,0.0018181818181818,0.0,0.0023700842696629,0.0,0.0302506482281763,0.0064620355411954,0.0073380171740827,0.0009487666034155,0.0,0.0494623655913978,0.0090826521344232,0.015716568993074,1.0,0.011015911872705,0.0004444627043501,0.000100521455048,0.0769230769230769,0.0,0.0094339622641509,0.0061971830985915,0.0017316017316017
45,TBStack-LR,0,0,TreeStacking,Move And Rename Class,0.0,0.0,0.0,0.0,0.0,0.0,0.008429647986025,0.0,0.0,0.0,0.0,0.0,0.0,0.0,0.0,0.0,0.0,0.0,0.0,0.0,0.0,0.0,0.0,0.0,0.0,0.0,0.0,0.0,0.0,0.0,0.0,0.0,0.0,0.0,0.0,0.0,0.3925233644859813,0.0489596083231334,0.0018226705859064,0.0025130363762015,0.3076923076923077,0.0571428571428571,0.0943396226415094,0.0301408450704225,0.0017316017316017
46,TBStack-LR,0,0,TreeStacking,Move And Rename Class,0.0,0.0736997781612028,0.0186823992133726,0.0853448275862069,0.0,0.0003563436839039,0.0308342304645447,0.14004914004914,0.0416666666666666,0.2857142857142857,0.0238095238095238,0.0,0.0,0.0,0.0,0.0,0.0191831683168316,0.0,0.0989010989010989,0.0,0.0409356725146198,0.0,0.0046816479400749,0.0,0.0036363636363636,0.0,0.0447682584269662,0.0775326622403084,0.0639585133967156,0.079967689822294,0.0012490241998438,0.0047438330170777,0.0045662100456621,0.0838709677419354,0.0408719346049046,0.136387852956846,1.0,0.0122399020807833,0.0011466390776091,0.0004397813658352,0.0769230769230769,0.0,0.0094339622641509,0.0076056338028169,0.0051948051948051
47,TBStack-LR,0,0,TreeStacking,Move And Rename Class,0.0,0.0103524771999014,0.0088495575221238,0.0051724137931034,0.0,0.0001134169144468,0.0178749162113302,0.0122850122850122,0.0007530120481927,0.1904761904761904,0.0167548500881834,0.0,0.0,0.0018165304268846,0.0018176310209027,0.0,0.0222772277227722,0.0251256281407035,0.1593406593406593,0.0,0.0,0.0,0.0056179775280898,0.0018165304268846,0.0327272727272727,0.0,0.0006144662921348,0.0004283572499464,0.006914433880726,0.1009693053311793,0.0043715846994535,0.0009487666034155,0.0091324200913242,0.0559139784946236,0.0090826521344232,0.0183803942461374,0.1043478260869565,0.0856793145654834,0.0039889593970247,0.0009423886410755,0.6153846153846154,0.219047619047619,0.2924528301886792,0.0323943661971831,0.0095238095238095
48,TBStack-LR,0,0,TreeStacking,Move And Rename Class,0.0,0.0714813901897954,0.0245821042281219,0.0172413793103448,0.0,0.0016407136069644,0.0304686071784038,0.1916461916461916,0.0200803212851405,0.238095238095238,0.0934744268077601,0.0,0.0,0.0169542839842567,0.0039382005452893,0.0,0.0464108910891089,0.100502512562814,0.1538461538461538,0.0,0.0,0.007568876778686,0.0440074906367041,0.0163487738419618,0.0672727272727272,0.0,0.0088658707865168,0.0068537159991432,0.0233362143474503,0.1558966074313408,0.0788446526151444,0.0009487666034155,0.0547945205479452,0.1974193548387096,0.0714501967907962,0.1132125732551944,0.3226950354609929,0.0195838433292533,0.0048704148443073,0.0067475026701011,0.3076923076923077,0.0571428571428571,0.0943396226415094,0.0794366197183098,0.0242424242424242
49,TBStack-LR,0,1,TreeStacking,Move And Rename Class,0.0,0.0032043381809218,0.0098328416912487,0.0,0.0,0.0,0.002295301740773,0.0024570024570024,0.0002510040160642,0.1428571428571428,0.0,0.0,0.0,0.002119285498032,0.0015146925174189,0.035230352303523,0.0117574257425742,0.0351758793969849,0.0109890109890109,0.0,0.0,0.0,0.0140449438202247,0.0003027550711474,0.0,0.0,0.0003511235955056,0.0004283572499464,0.0121002592912705,0.0137318255250403,0.0012490241998438,0.0009487666034155,0.0,0.0232258064516129,0.0030275507114744,0.0066595631326584,1.0,0.0048959608323133,0.0006498866433354,0.0002638688195011,0.0769230769230769,0.0,0.0094339622641509,0.0067605633802816,0.0086580086580086
50,TBStack-LR,0,0,TreeStacking,Move And Rename Class,0.0,0.0014789253142716,0.0,0.0,0.0,0.0,0.0001218744287136,0.0,0.0,0.0,0.0,0.0,0.0,0.0018165304268846,0.0018176310209027,0.0,0.0,0.0,0.0,0.0,0.0,0.0018165304268846,0.0,0.0018165304268846,0.0,0.0,0.0,0.0,0.0,0.0,0.0009367681498829,0.0009487666034155,0.0,0.0090322580645161,0.0018165304268846,0.0,0.0,0.0,0.0,0.0,0.0,0.0,0.0,0.0,0.0
51,TBStack-LR,0,0,TreeStacking,Move And Rename Class,0.0034364261168384,0.0108454523046586,0.0196656833824975,0.0017241379310344,0.0,0.0002889065996382,0.0058905973878247,0.0,0.0005020080321285,0.1428571428571428,0.0092592592592592,0.0,0.0,0.0054495912806539,0.0033323235383217,0.0,0.0185643564356435,0.0402010050251256,0.0384615384615384,0.0,0.0,0.0030275507114744,0.0215355805243445,0.0045413260672116,0.0118181818181818,0.0,0.0021945224719101,0.0004283572499464,0.0216076058772687,0.0549273021001615,0.0029664324746291,0.0018975332068311,0.0273972602739726,0.0632258064516129,0.0099909173478655,0.0154501864677677,0.0,0.0,0.0,0.0,0.0,0.0,0.0,0.0,0.0
52,TBStack-LR,0,0,TreeStacking,Move And Rename Class,0.0,0.0,0.0009832841691248,0.0,0.0,4.5979830181160536e-06,0.000101562023928,0.0,0.0,0.0,0.0,0.0,0.0,0.0,0.0,0.0,0.0024752475247524,0.0,0.0,0.0,0.0,0.0,0.0,0.0,0.0,0.0,0.0,0.0,0.0,0.0,0.0,0.0009487666034155,0.0,0.0077419354838709,0.0,0.0010655301012253,0.32,0.03671970624235,0.0281617545445377,5.026072752403091e-05,0.3076923076923077,0.1428571428571428,0.1792452830188679,0.028169014084507,0.0
53,TBStack-LR,0,0,TreeStacking,Move And Rename Class,0.0,0.0009859502095144,0.0108161258603736,0.0008620689655172,0.0,0.0004827882169021,0.0012796815014929,0.0,0.0007530120481927,0.0476190476190476,0.0,0.2183098591549296,0.0,0.0006055101422948,0.0006058770069675,0.002710027100271,0.0222772277227722,0.0050251256281407,0.0,0.0,0.0058479532163742,0.0003027550711474,0.0327715355805243,0.0006055101422948,0.0009090909090909,0.0,0.0,0.0,0.0017286084701815,0.0024232633279483,0.0010928961748633,0.0009487666034155,0.0,0.050752688172043,0.0012110202845897,0.0103889184869472,0.0,0.0,0.0,0.0,0.0,0.0,0.0,0.0,0.0
54,TBStack-LR,0,0,TreeStacking,Move And Rename Class,0.0,0.2060635937885136,0.2291052114060963,0.018103448275862,0.1282051282051282,0.0220795144529932,0.0550059921594117,0.0393120393120393,0.003012048192771,0.1428571428571428,0.0039682539682539,0.0,0.0,0.0202845897668785,0.0006058770069675,0.0,0.1658415841584158,0.3366834170854271,0.1703296703296703,0.0,0.0,0.0,0.0037453183520599,0.0006055101422948,0.0,0.0,0.004125702247191,0.0122081816234739,0.0198789974070872,0.2592891760904685,0.0023419203747072,0.0009487666034155,0.0,0.2193548387096774,0.1280653950953678,0.1182738412360149,0.1353383458646616,0.0746634026927784,0.0074550214948139,0.0069736759439592,0.4615384615384615,0.219047619047619,0.2735849056603773,0.0749295774647887,0.006060606060606
55,TBStack-LR,0,0,TreeStacking,Move And Rename Class,0.0068728522336769,0.0083805767808725,0.023598820058997,0.0025862068965517,0.0,6.590442325966343e-05,0.0072109036988889,0.0024570024570024,0.0007530120481927,0.1428571428571428,0.0,0.0,0.0,0.0039358159249167,0.0015146925174189,0.0,0.010519801980198,0.0653266331658291,0.0329670329670329,0.0,0.0,0.0,0.0102996254681647,0.0015137753557372,0.0,0.0,0.0009655898876404,0.0008567144998929,0.0112359550561797,0.0403877221324717,0.0021857923497267,0.0047438330170777,0.0,0.0559139784946236,0.0066606115652437,0.0114544485881726,1.0,0.0085679314565483,0.0012437485760386,0.0025632971037255,0.0769230769230769,0.0,0.0094339622641509,0.0214084507042253,0.0095238095238095
56,TBStack-LR,0,1,TreeStacking,Move And Rename Class,0.0,0.0004929751047572,0.0,0.0,0.0,0.0,0.0001624992382848,0.0,0.0002510040160642,0.0476190476190476,0.0,0.0,0.0,0.0006055101422948,0.0006058770069675,0.0,0.0012376237623762,0.0100502512562814,0.0,0.0,0.0,0.0,0.0018726591760299,0.0006055101422948,0.0018181818181818,0.0,0.0,0.0,0.0008643042350907,0.0008077544426494,0.0004683840749414,0.0009487666034155,0.0,0.0055913978494623,0.0006055101422948,0.0005327650506126,0.0,0.0,0.0,0.0,0.0,0.0,0.0,0.0,0.0
57,TBStack-LR,0,0,TreeStacking,Move And Rename Class,0.0,0.0059157012570865,0.0098328416912487,0.0034482758620689,0.0,5.900744873248935e-05,0.0026812374316995,0.0024570024570024,0.0,0.238095238095238,0.0066137566137566,0.0,0.0,0.0018165304268846,0.0006058770069675,0.0,0.0092821782178217,0.0301507537688442,0.0054945054945054,0.0,0.0,0.0,0.0131086142322097,0.0003027550711474,0.0,0.0,0.0003511235955056,0.0002141786249732,0.0008643042350907,0.0306946688206785,0.0003122560499609,0.0009487666034155,0.0,0.0305376344086021,0.0054495912806539,0.0087906233351092,0.6013071895424836,0.0575275397796817,0.1033992059431013,0.0001759125463341,0.2307692307692307,0.1523809523809524,0.1792452830188679,0.0430985915492957,0.0008658008658008
58,TBStack-LR,0,0,TreeStacking,Move And Rename Class,0.0,0.0,0.0009832841691248,0.0,0.0,0.0,8.124961914241028e-05,0.0,0.0,0.0476190476190476,0.0,0.0,0.0,0.0,0.0,0.0,0.0006188118811881,0.0,0.0,0.0,0.0,0.0,0.0009363295880149,0.0,0.0,0.0,0.0,0.0,0.0008643042350907,0.0,0.0,0.0009487666034155,0.0,0.0017204301075268,0.0,0.0002663825253063,0.0,0.0,0.0,0.0,0.0,0.0,0.0,0.0,0.0
59,TBStack-LR,0,0,TreeStacking,Move And Rename Class,0.0068728522336769,0.0004929751047572,0.0068829891838741,0.0,0.0,7.663305030193422e-07,0.0050374763868294,0.0,0.0,0.0476190476190476,0.0,0.0,0.0,0.0003027550711474,0.0,0.0,0.0012376237623762,0.0050251256281407,0.0,0.0,0.0,0.0,0.0018726591760299,0.0003027550711474,0.0018181818181818,0.0,0.0,0.0,0.0017286084701815,0.0088852988691437,0.0,0.0018975332068311,0.0,0.0421505376344086,0.0006055101422948,0.0005327650506126,0.9019607843137256,0.0428396572827417,0.0012474835567474,0.0011811270968147,0.1538461538461538,0.0095238095238095,0.0283018867924528,0.0143661971830985,0.0008658008658008
60,TBStack-LR,1,1,TreeStacking,Move And Rename Class,0.0,0.0140497904855804,0.0186823992133726,0.0103448275862068,0.0,0.0003885295650308,0.0108874489650829,0.0049140049140049,0.0002510040160642,0.1428571428571428,0.0035273368606701,0.0,0.0,0.0042385709960641,0.0030293850348379,0.0,0.0266089108910891,0.050251256281407,0.0109890109890109,0.0,0.0,0.0012110202845897,0.0374531835205992,0.0024220405691795,0.0027272727272727,0.0,0.0019311797752808,0.0014992503748125,0.041486603284356,0.0403877221324717,0.004215456674473,0.0047438330170777,0.0091324200913242,0.0546236559139785,0.0090826521344232,0.0293020777836973,0.4,0.0024479804161566,8.963953701179133e-05,0.0003141295470251,0.3846153846153846,0.0,0.0471698113207547,0.0056338028169014,0.0199134199134199
61,TBStack-LR,1,1,TreeStacking,Move And Rename Class,0.0,0.0041902883904362,0.0127826941986234,0.0025862068965517,0.0,1.0728627042270793e-05,0.0021124900977026,0.0024570024570024,0.0005020080321285,0.0952380952380952,0.0026455026455026,0.0,0.0,0.0009082652134423,0.0009088155104513,0.0,0.005569306930693,0.0150753768844221,0.0054945054945054,0.0,0.0,0.0,0.0046816479400749,0.0009082652134423,0.0072727272727272,0.0,0.0002633426966292,0.0004283572499464,0.0086430423509075,0.0258481421647819,0.0012490241998438,0.0009487666034155,0.0136986301369863,0.0301075268817204,0.0051468362095065,0.0047948854555141,0.82,0.0171358629130966,0.042362151199489,0.0,0.2307692307692307,0.0095238095238095,0.0377358490566037,0.0140845070422535,0.0
62,TBStack-LR,1,1,TreeStacking,Move And Rename Class,0.0274914089347079,0.0034508257333004,0.015732546705998,0.0,0.0,1.6092940563406187e-05,0.0136499360159249,0.0049140049140049,0.0,0.1428571428571428,0.0004409171075837,0.0,0.0,0.0015137753557372,0.0,0.0,0.0068069306930693,0.0251256281407035,0.0274725274725274,0.0,0.0,0.0,0.0056179775280898,0.0,0.0009090909090909,0.0,0.0018433988764044,0.0,0.0051858254105445,0.0274636510500807,0.0014051522248243,0.0123339658444022,0.0,0.0980645161290322,0.0042385709960641,0.003995737879595,0.4285714285714285,0.0048959608323133,2.987984567059711e-05,8.795627316705409e-05,0.3076923076923077,0.0,0.0377358490566037,0.0019718309859154,0.0008658008658008
63,TBStack-LR,1,1,TreeStacking,Move And Rename Class,0.0,0.0,0.0049164208456243,0.0,0.0,0.0,2.031240478560257e-05,0.0,0.0,0.0,0.0,0.0,0.0,0.0,0.0,0.0,0.0006188118811881,0.0,0.0,0.0,0.0,0.0,0.0,0.0,0.0,0.0,0.0,0.0,0.0,0.0,0.0,0.0009487666034155,0.0,0.0034408602150537,0.0,0.0002663825253063,0.0,0.0,0.0,0.0,0.0,0.0,0.0,0.0,0.0
64,TBStack-LR,1,1,TreeStacking,Move And Rename Class,0.0,0.0007394626571358,0.0039331366764995,0.0,0.0,7.663305030193422e-07,0.0009749954297089,0.0,0.0,0.0476190476190476,0.0,0.0,0.0,0.0006055101422948,0.0003029385034837,0.0,0.0018564356435643,0.0100502512562814,0.0,0.0,0.0,0.0,0.0028089887640449,0.0003027550711474,0.0009090909090909,0.0,0.0,0.0,0.0017286084701815,0.0008077544426494,0.0043715846994535,0.0009487666034155,0.0,0.0180645161290322,0.0009082652134423,0.0010655301012253,0.0,0.0,0.0,0.0,0.0,0.0,0.0,0.0,0.0
65,TBStack-LR,1,1,TreeStacking,Move And Rename Class,0.0,0.0078876016761153,0.0019665683382497,0.0,0.0,0.0,0.0007718713818528,0.0,0.0,0.0,0.0004409171075837,0.0,0.0,0.0099909173478655,0.0015146925174189,0.0,0.0,0.0,0.0,0.0,0.0,0.0099909173478655,0.0,0.0099909173478655,0.0,0.0,8.778089887640449e-05,0.0004283572499464,0.0,0.0008077544426494,0.0001561280249804,0.0009487666034155,0.0,0.053763440860215,0.0099909173478655,0.0,0.19,0.025703794369645,0.0014080877272268,0.0029151221963937,0.5384615384615385,0.0952380952380952,0.160377358490566,0.028169014084507,0.0
66,TBStack-LR,1,1,TreeStacking,Move And Rename Class,0.0034364261168384,0.0004929751047572,0.0068829891838741,0.0,0.0,4.5979830181160536e-06,0.0051999756251142,0.0,0.0,0.0952380952380952,0.0,0.0,0.0,0.0003027550711474,0.0003029385034837,0.0,0.0024752475247524,0.0050251256281407,0.0109890109890109,0.0,0.0,0.0,0.0009363295880149,0.0003027550711474,0.0027272727272727,0.0,8.778089887640449e-05,0.0004283572499464,0.0017286084701815,0.005654281098546,0.0004683840749414,0.0018975332068311,0.0,0.0378494623655914,0.0006055101422948,0.001598295151838,0.0,0.0,0.0,0.0,0.0,0.0,0.0,0.0,0.0
67,TBStack-LR,1,1,TreeStacking,Move And Rename Class,0.0,0.0172541286665023,0.0245821042281219,0.0370689655172413,0.0,8.046470281703093e-05,0.0074952773658873,0.0049140049140049,0.0070281124497991,0.3809523809523809,0.0008818342151675,0.0,0.0,0.0003027550711474,0.0,0.0,0.0092821782178217,0.0050251256281407,0.0329670329670329,0.0,0.0058479532163742,0.0,0.0074906367041198,0.0,0.0,0.0,0.0051790730337078,0.0055686442493039,0.0155574762316335,0.048465266558966,0.0021857923497267,0.0009487666034155,0.0,0.0520430107526881,0.0099909173478655,0.0351624933404368,0.5454545454545454,0.0024479804161566,0.0046239061175249,0.0002010429100961,0.1538461538461538,0.0,0.0188679245283018,0.0030985915492957,0.0017316017316017
68,TBStack-LR,1,0,TreeStacking,Move And Rename Class,0.0,0.043628296771013,0.0835791543756145,0.0327586206896551,0.0,0.0003724366244674,0.052588815989925,0.0515970515970515,0.0077811244979919,0.238095238095238,0.0171957671957671,0.0,0.0,0.0090826521344232,0.0066646470766434,0.0,0.0247524752475247,0.1407035175879397,0.0879120879120879,0.0,0.0116959064327485,0.0,0.0084269662921348,0.0006055101422948,0.0145454545454545,0.0,0.0037745786516853,0.0100663953737417,0.0942091616248919,0.1033925686591276,0.0026541764246682,0.0265654648956356,0.0045662100456621,0.1488172043010752,0.0317892824704813,0.0719232818327117,0.2195121951219512,0.0232558139534883,0.0065735660475313,0.0063831123955519,0.3846153846153846,0.0857142857142857,0.1320754716981132,0.0230985915492957,0.0138528138528138
69,TBStack-LR,1,1,TreeStacking,Move And Rename Class,0.0240549828178694,0.0054227261523293,0.0462143559488692,0.0,0.0,4.5979830181160536e-06,0.0074140277467449,0.0049140049140049,0.0080321285140562,0.1428571428571428,0.0004409171075837,0.0,0.0,0.004844081138359,0.0048470160557406,0.002710027100271,0.0024752475247524,0.0653266331658291,0.0109890109890109,0.0,0.0058479532163742,0.0006055101422948,0.0009363295880149,0.004844081138359,0.0036363636363636,0.0,8.778089887640449e-05,0.0,0.0025929127052722,0.024232633279483,0.0482435597189695,0.0018975332068311,0.0091324200913242,0.2081720430107526,0.0066606115652437,0.0026638252530633,0.2105263157894736,0.018359853121175,0.0006498866433354,0.0014701262800779,0.6923076923076923,0.0571428571428571,0.1415094339622641,0.0107042253521126,0.0008658008658008
70,TBStack-LR,1,1,TreeStacking,Move And Rename Class,0.0,0.0298249938378111,0.0403146509341199,0.0301724137931034,0.0,0.0024216043895411,0.0225264569072332,0.1277641277641277,0.0002510040160642,0.1428571428571428,0.0066137566137566,0.0,0.0,0.0,0.0,0.0,0.0495049504950495,0.0,0.3736263736263736,0.0,0.0701754385964912,0.0,0.0,0.0,0.0036363636363636,0.0,0.0056179775280898,0.0,0.0423509075194468,0.3021001615508885,0.0814988290398126,0.0009487666034155,0.0502283105022831,0.0563440860215053,0.0357250983953981,0.0479488545551411,0.6721311475409836,0.02203182374541,0.0021139990811947,0.0006282590940503,0.1538461538461538,0.0,0.0188679245283018,0.0171830985915492,0.0025974025974025
71,TBStack-LR,1,0,TreeStacking,Move And Rename Class,0.0,0.0039438008380576,0.0019665683382497,0.0,0.0,0.0003555773534009,0.0024578009790579,0.0,0.0,0.0476190476190476,0.0,0.0,0.0,0.004844081138359,0.0,0.0,0.0198019801980198,0.0804020100502512,0.0,0.0,0.0,0.0,0.0299625468164794,0.0,0.0,0.0,0.0006144662921348,0.0,0.013828867761452,0.0,0.0010928961748633,0.0009487666034155,0.0,0.0189247311827957,0.004844081138359,0.0085242408098028,0.0,0.0,0.0,0.0,0.0,0.0,0.0,0.0,0.0
72,TBStack-LR,1,1,TreeStacking,Move And Rename Class,0.0,0.0056692137047079,0.0353982300884955,0.0,0.0,0.0001172485669619,0.0055452865064695,0.0,0.0012550200803212,0.0952380952380952,0.0004409171075837,0.0,0.0,0.0036330608537693,0.0,0.0,0.016089108910891,0.0603015075376884,0.0,0.0,0.0,0.0,0.0243445692883895,0.0,0.0,0.0,0.0,0.0,0.0224719101123595,0.0331179321486268,0.0026541764246682,0.0009487666034155,0.0228310502283105,0.0382795698924731,0.0105964274901604,0.0095897709110282,0.6470588235294118,0.003671970624235,0.0009038653315355,0.0011308663692906,0.2307692307692307,0.0,0.0283018867924528,0.0143661971830985,0.0034632034632034
73,TBStack-LR,1,1,TreeStacking,Move And Rename Class,0.0068728522336769,0.0670446142469805,0.0432645034414945,0.0241379310344827,0.0,8.659534684118566e-05,0.0173874184964757,0.0393120393120393,0.0060240963855421,0.2857142857142857,0.0317460317460317,0.0,0.0,0.0224038752649106,0.0166616176916086,0.0,0.0111386138613861,0.1105527638190954,0.0164835164835164,0.0,0.0,0.0145322434150772,0.0140449438202247,0.0175597941265516,0.0063636363636363,0.0,0.011938202247191,0.0034268579995716,0.0112359550561797,0.1090468497576736,0.0310694769711163,0.0037950664136622,0.0365296803652968,0.1449462365591398,0.0566151983045716,0.0511454448588172,0.2941176470588235,0.0416156670746633,0.0092254023507968,0.0312998680655902,0.3846153846153846,0.0666666666666666,0.1132075471698113,0.0335211267605633,0.0095238095238095
74,TBStack-LR,1,1,TreeStacking,Move And Rename Class,0.0,0.0078876016761153,0.015732546705998,0.0,0.0,4.5979830181160536e-06,0.001990615668989,0.0,0.0,0.1428571428571428,0.0039682539682539,0.0,0.0,0.0003027550711474,0.0,0.0,0.0024752475247524,0.0050251256281407,0.0109890109890109,0.0,0.0,0.0,0.0018726591760299,0.0003027550711474,0.0036363636363636,0.0,0.0,0.0,0.0043215211754537,0.0218093699515347,0.0079625292740046,0.0009487666034155,0.0,0.0292473118279569,0.0087798970632758,0.0034629728289824,1.0,0.0,0.0003772330515912,0.0,0.0769230769230769,0.0,0.0094339622641509,0.0008450704225352,0.0008658008658008
75,TBStack-LR,1,1,TreeStacking,Move And Rename Class,0.0,0.0,0.0009832841691248,0.0,0.0,7.663305030193422e-07,8.124961914241028e-05,0.0,0.0,0.0,0.0,0.0,0.0,0.0,0.0,0.0,0.0012376237623762,0.0,0.0,0.0,0.0,0.0,0.0,0.0,0.0,0.0,0.0,0.0,0.0,0.0,0.0,0.0009487666034155,0.0,0.0043010752688172,0.0,0.0005327650506126,0.7142857142857143,0.0122399020807833,0.0017218261067681,0.000100521455048,0.1538461538461538,0.0095238095238095,0.0283018867924528,0.0078873239436619,0.0051948051948051
76,TBStack-LR,1,1,TreeStacking,Move And Rename Class,0.0,0.01059896475228,0.0098328416912487,0.0,0.0,3.44848726358704e-05,0.0028031118604131,0.0147420147420147,0.0085341365461847,0.238095238095238,0.0026455026455026,0.0,0.0,0.0,0.0,0.0,0.0061881188118811,0.0,0.0054945054945054,0.0,0.0,0.0,0.0084269662921348,0.0,0.0081818181818181,0.0,0.0034234550561797,0.0021417862497322,0.0086430423509075,0.0282714054927302,0.0009367681498829,0.0009487666034155,0.0,0.0283870967741935,0.010293672419013,0.0066595631326584,0.47,0.0379436964504283,0.0898262860472325,0.0001884777282151,0.2307692307692307,0.1523809523809524,0.1792452830188679,0.028169014084507,0.0
77,TBStack-LR,1,1,TreeStacking,Move And Rename Class,0.0859106529209622,0.0364801577520335,0.0304818092428711,0.0068965517241379,0.0,6.89697452717408e-05,0.0169405455911925,0.0049140049140049,0.0163152610441767,0.1904761904761904,0.0286596119929453,0.0,0.0,0.0245231607629427,0.0024235080278703,0.0,0.0099009900990099,0.0854271356783919,0.0109890109890109,0.0,0.0,0.0133212231304874,0.0112359550561797,0.0236148955495004,0.0045454545454545,0.0,0.001316713483146,0.0006425358749196,0.0060501296456352,0.0452342487883683,0.0273224043715847,0.0028462998102466,0.0136986301369863,0.1354838709677419,0.0296699969724492,0.0111880660628662,1.0,0.0171358629130966,0.0025621967662537,0.0012942137337437,0.0769230769230769,0.0,0.0094339622641509,0.0138028169014084,0.0043290043290043
78,TBStack-LR,1,1,TreeStacking,Move And Rename Class,0.0515463917525773,0.0278530934187823,0.0550639134709931,0.025,0.0,0.0007494712319529,0.0182811643070423,0.0,0.0025100401606425,0.238095238095238,0.0008818342151675,0.0,0.0,0.007568876778686,0.0015146925174189,0.0,0.0327970297029703,0.0954773869346733,0.0439560439560439,0.0,0.0467836257309941,0.0018165304268846,0.0299625468164794,0.0006055101422948,0.0018181818181818,0.0,0.0039501404494382,0.0002141786249732,0.0337078651685393,0.1195476575121163,0.0101483216237314,0.0009487666034155,0.0319634703196347,0.1139784946236559,0.0248259158340902,0.0434203516249334,0.28,0.0416156670746633,0.25952513455268,0.0229817176603631,0.3846153846153846,0.0952380952380952,0.1415094339622641,0.028169014084507,0.0181818181818181
79,TBStack-LR,1,1,TreeStacking,Move And Rename Class,0.0,0.013063840276066,0.0049164208456243,0.0034482758620689,0.0,9.579131287741776e-05,0.0045702910767605,0.0049140049140049,0.0015060240963855,0.1428571428571428,0.0105820105820105,0.0,0.0,0.0057523463518013,0.004241139048773,0.0,0.0111386138613861,0.0954773869346733,0.0219780219780219,0.0,0.0,0.0,0.0102996254681647,0.004844081138359,0.0081818181818181,0.050632911392405,0.0010533707865168,0.0006425358749196,0.0259291270527225,0.0169628432956381,0.2351288056206089,0.0018975332068311,0.0045662100456621,0.0438709677419354,0.0105964274901604,0.0151838039424613,0.9886363636363636,0.0159118727050183,0.0031187088918685,0.0003392599107872,0.0769230769230769,0.0095238095238095,0.0188679245283018,0.0247887323943662,0.0051948051948051
80,TBStack-LR,1,0,TreeStacking,Move And Rename Class,0.0,0.004929751047572,0.0019665683382497,0.0,0.0,4.981148269625724e-05,0.0019093660498466,0.0,0.003012048192771,0.0952380952380952,0.0004409171075837,0.0,0.0,0.0030275507114744,0.0012117540139351,0.0,0.0092821782178217,0.050251256281407,0.0,0.0,0.0,0.0,0.0140449438202247,0.0,0.0,0.0,0.0,0.0,0.0112359550561797,0.0088852988691437,0.004215456674473,0.0009487666034155,0.0045662100456621,0.0253763440860215,0.0051468362095065,0.0045285029302077,0.730909090909091,0.0,0.0046388460403602,0.0138091348872274,0.2307692307692307,0.019047619047619,0.0471698113207547,0.3098591549295775,0.0
81,TBStack-LR,1,1,TreeStacking,Move And Rename Class,0.0,0.0147892531427162,0.0511307767944936,0.0137931034482758,0.0,8.429635533212763e-06,0.0084905852003818,0.0098280098280098,0.0047690763052208,0.2857142857142857,0.0,0.0,0.0,0.0015137753557372,0.0003029385034837,0.0,0.0117574257425742,0.0251256281407035,0.0439560439560439,0.0,0.0,0.0,0.0102996254681647,0.0003027550711474,0.0,0.0,0.0001755617977528,0.0008567144998929,0.0129645635263612,0.0912762520193861,0.0106167056986729,0.0009487666034155,0.0639269406392694,0.0718279569892473,0.0130184680593399,0.0231752797016515,0.5808383233532934,0.0881272949816401,0.004044984107657,0.0087830621348244,0.1538461538461538,0.0285714285714285,0.0471698113207547,0.0470422535211267,0.0658008658008658
82,TBStack-LR,1,0,TreeStacking,Move And Rename Class,0.0034364261168384,0.0004929751047572,0.0068829891838741,0.0,0.0,0.0,0.0005687473339968,0.0,0.0,0.0476190476190476,0.0,0.0,0.0,0.0,0.0,0.0,0.0006188118811881,0.0,0.0,0.0,0.0058479532163742,0.0,0.0,0.0,0.0,0.0,0.0001755617977528,0.0,0.0,0.005654281098546,0.0003122560499609,0.0009487666034155,0.0,0.0124731182795698,0.0006055101422948,0.0002663825253063,0.0,0.0,0.0,0.0,0.0,0.0,0.0,0.0,0.0
83,TBStack-LR,1,1,TreeStacking,Move And Rename Class,0.0,0.1005669213704707,0.0727630285152409,0.0103448275862068,0.0,0.0,0.0430216733359062,0.0073710073710073,0.0002510040160642,0.1904761904761904,0.0044091710758377,0.0,0.0,0.0033303057826218,0.0021205695243865,0.0,0.1082920792079207,0.0251256281407035,0.0164835164835164,0.0222222222222222,0.0350877192982456,0.0012110202845897,0.1554307116104868,0.002119285498032,0.0009090909090909,0.0253164556962025,0.0015800561797752,0.001927607624759,0.1037165082108902,0.2059773828756058,0.0010928961748633,0.0009487666034155,0.7077625570776256,0.1234408602150537,0.0911292764153799,0.1025572722429408,0.2985074626865671,0.0171358629130966,0.0108389140170091,0.0022366023748193,0.3846153846153846,0.0285714285714285,0.0754716981132075,0.0188732394366197,0.0277056277056277
84,TBStack-LR,1,1,TreeStacking,Move And Rename Class,0.0,0.0039438008380576,0.0,0.0068965517241379,0.0,4.5979830181160536e-06,0.0010765574536369,0.0,0.0007530120481927,0.1904761904761904,0.0026455026455026,0.0,0.0,0.0024220405691795,0.0024235080278703,0.0,0.0030940594059405,0.0100502512562814,0.0054945054945054,0.0,0.0,0.0018165304268846,0.0037453183520599,0.0024220405691795,0.0036363636363636,0.0,0.0014922752808988,0.0008567144998929,0.0095073465859982,0.0032310177705977,0.0015612802498048,0.0009487666034155,0.0,0.016774193548387,0.004844081138359,0.0055940330314331,0.74,0.1101591187270501,0.0039665495127717,0.011497141421122,0.2307692307692307,0.0380952380952381,0.0660377358490566,0.2535211267605634,0.0
85,TBStack-LR,1,1,TreeStacking,Move And Rename Class,0.0,0.003697313285679,0.0226155358898721,0.0017241379310344,0.0,0.0,0.0011171822632081,0.0024570024570024,0.0002510040160642,0.1904761904761904,0.0,0.0,0.0,0.0018165304268846,0.0018176310209027,0.0,0.0006188118811881,0.0050251256281407,0.0,0.0,0.0,0.0015137753557372,0.0009363295880149,0.0018165304268846,0.0009090909090909,0.0,0.0003511235955056,0.0,0.0,0.011308562197092,0.0007806401249024,0.0009487666034155,0.0,0.0202150537634408,0.0042385709960641,0.0013319126265316,1.0,0.0012239902080783,0.0002838585338706,7.539109128604636e-05,0.0769230769230769,0.0,0.0094339622641509,0.0014084507042253,0.0008658008658008
86,TBStack-LR,1,0,TreeStacking,Move And Rename Class,0.2027491408934708,0.0374661079615479,0.0599803343166175,0.0129310344827586,0.0,9.579131287741776e-05,0.0462919705063882,0.0122850122850122,0.0050200803212851,0.1904761904761904,0.005731922398589,0.0,0.0,0.0133212231304874,0.0018176310209027,0.0,0.0117574257425742,0.2160804020100502,0.0769230769230769,0.0,0.0,0.0,0.0046816479400749,0.0042385709960641,0.0036363636363636,0.0,0.0056179775280898,0.0008567144998929,0.0121002592912705,0.1001615508885298,0.0232630757220921,0.0218216318785578,0.045662100456621,0.2240860215053763,0.0351195882531032,0.0285029302077783,0.98,0.0097919216646266,0.019616118682747,0.0317647797951875,0.0769230769230769,0.0095238095238095,0.0188679245283018,0.0140845070422535,0.0
87,TBStack-LR,1,0,TreeStacking,Move And Rename Class,0.0859106529209622,0.0192260290855311,0.0275319567354965,0.0112068965517241,0.0961538461538461,0.0001080526009257,0.0163311734476244,0.0221130221130221,0.0025100401606425,0.238095238095238,0.0022045855379188,0.0,0.0,0.0121102028458976,0.0084822780975461,0.0,0.0136138613861386,0.1155778894472361,0.0604395604395604,0.0,0.0,0.0051468362095065,0.0102996254681647,0.0018165304268846,0.0,0.0,0.0014922752808988,0.0004283572499464,0.0190146931719965,0.0880452342487883,0.0092115534738485,0.0018975332068311,0.0228310502283105,0.0972043010752688,0.0227066303360581,0.0167820990942994,0.9347826086956522,0.0171358629130966,0.0010233847142179,0.0011685619149337,0.0769230769230769,0.019047619047619,0.0283018867924528,0.0129577464788732,0.0086580086580086
88,TBStack-LR,1,1,TreeStacking,Move And Rename Class,0.0,0.0,0.0,0.0,0.0,0.0,6.09372143568077e-05,0.0,0.0,0.0476190476190476,0.0,0.0,0.0,0.0,0.0,0.0,0.0006188118811881,0.0,0.0,0.0,0.0,0.0,0.0009363295880149,0.0,0.0,0.0,0.0,0.0,0.0008643042350907,0.0,0.0001561280249804,0.0009487666034155,0.0,0.0021505376344086,0.0,0.0002663825253063,0.78,0.0660954712362301,0.0008777204665737,0.0025256015580825,0.2307692307692307,0.0952380952380952,0.1226415094339622,0.056338028169014,0.0
89,TBStack-LR,1,1,TreeStacking,Move And Rename Class,0.0,0.0907074192753265,0.0609636184857423,0.0801724137931034,0.0,0.0433888667504521,0.0456419735532489,0.1253071253071253,0.0168172690763052,0.1904761904761904,0.005731922398589,0.0,0.0,0.0066606115652437,0.0030293850348379,0.0,0.2165841584158415,0.0653266331658291,0.1208791208791209,0.0,0.0,0.0027247956403269,0.3071161048689139,0.0030275507114744,0.0072727272727272,0.1645569620253164,0.0177317415730337,0.0023559648747055,0.2618841832324978,0.1825525040387722,0.0277907884465261,0.0009487666034155,0.2328767123287671,0.1513978494623656,0.0623675446563729,0.1827384123601491,0.859375,0.003671970624235,0.0153096859254721,0.0012188226424577,0.1538461538461538,0.0285714285714285,0.0471698113207547,0.0180281690140845,0.0043290043290043
90,TBStack-LR,1,1,TreeStacking,Move And Rename Class,0.0103092783505154,0.024895242790239,0.0373647984267453,0.021551724137931,0.0,0.0001923489562578,0.0110296357985821,0.0171990171990172,0.0062751004016064,0.3333333333333333,0.0030864197530864,0.0,0.0,0.0027247956403269,0.0027264465313541,0.0,0.0142326732673267,0.0201005025125628,0.0989010989010989,0.0,0.0,0.0015137753557372,0.0046816479400749,0.0027247956403269,0.0,0.0,0.0058813202247191,0.0044977511244377,0.0432152117545375,0.0896607431340872,0.009055425448868,0.0028462998102466,0.0319634703196347,0.0808602150537634,0.0196790796245837,0.0482152370804475,0.3973509933774834,0.0930232558139534,0.0036229312875598,0.0059056354840736,0.2307692307692307,0.0952380952380952,0.1226415094339622,0.0425352112676056,0.0086580086580086
91,TBStack-LR,1,1,TreeStacking,Move And Rename Class,0.0171821305841924,0.0059157012570865,0.0088495575221238,0.0008620689655172,0.0,2.2989915090580268e-06,0.0053015376490422,0.0073710073710073,0.0005020080321285,0.1428571428571428,0.0013227513227513,0.0,0.0,0.0042385709960641,0.0006058770069675,0.0,0.0037128712871287,0.0703517587939698,0.0219780219780219,0.0,0.0,0.0,0.0009363295880149,0.0,0.0,0.0,0.0031601123595505,0.0008567144998929,0.0008643042350907,0.0508885298869143,0.0009367681498829,0.0037950664136622,0.0,0.0434408602150537,0.007568876778686,0.0029302077783697,0.0,0.0,0.0,0.0,0.0,0.0,0.0,0.0,0.0
92,TBStack-LR,1,1,TreeStacking,Move And Rename Class,0.0034364261168384,0.0,0.0039331366764995,0.0,0.0,0.0,0.0079015254615993,0.0,0.0,0.0,0.0,0.0,0.0,0.0,0.0,0.0,0.0,0.0,0.0,0.0,0.0,0.0,0.0,0.0,0.0,0.0,0.0,0.0,0.0,0.0,0.0,0.0161290322580645,0.0,0.0516129032258064,0.0,0.0,0.0,0.0,0.0,0.0,0.0,0.0,0.0,0.0,0.0
93,TBStack-LR,1,1,TreeStacking,Move And Rename Class,0.0,0.0327828444663544,0.0422812192723697,0.0068965517241379,0.0,0.0007249486558562,0.0142389957547074,0.0884520884520884,0.0130522088353413,0.3809523809523809,0.0,0.0,0.0,0.007568876778686,0.0039382005452893,0.0,0.0303217821782178,0.0150753768844221,0.0659340659340659,0.0,0.0,0.0066606115652437,0.0346441947565543,0.0018165304268846,0.0,0.0,0.0018433988764044,0.0068537159991432,0.03457216940363,0.098546042003231,0.0188914910226385,0.0018975332068311,0.0,0.1178494623655913,0.0320920375416288,0.0625998934469898,0.0,0.0,0.0,0.0,0.0,0.0,0.0,0.0,0.0
94,TBStack-LR,1,1,TreeStacking,Move And Rename Class,0.0,0.001232437761893,0.0029498525073746,0.0,0.0,2.2989915090580268e-06,0.0025390505982003,0.0,0.0,0.0476190476190476,0.0,0.0,0.0,0.0009082652134423,0.0009088155104513,0.005420054200542,0.0043316831683168,0.0150753768844221,0.0109890109890109,0.0,0.0116959064327485,0.0,0.0028089887640449,0.0,0.0,0.0,0.0,0.0002141786249732,0.0025929127052722,0.0016155088852988,0.0004683840749414,0.0009487666034155,0.0,0.0219354838709677,0.0009082652134423,0.002397442727757,0.2,0.0061199510403916,0.001064469502015,0.0007162153672174,0.3846153846153846,0.1714285714285714,0.2169811320754716,0.0140845070422535,0.0
95,TBStack-LR,1,1,TreeStacking,Move And Rename Class,0.0,0.0101059896475228,0.0108161258603736,0.0129310344827586,0.0,3.0653220120773686e-05,0.0030874855274115,0.0171990171990172,0.0,0.1904761904761904,0.0,0.0,0.0,0.0015137753557372,0.0,0.0,0.0099009900990099,0.0,0.0,0.0555555555555555,0.0,0.0,0.0149812734082397,0.0,0.0,0.0,0.000877808988764,0.0044977511244377,0.013828867761452,0.0193861066235864,0.0,0.0009487666034155,0.0,0.0223655913978494,0.0081743869209809,0.0138518913159296,0.2952380952380952,0.0489596083231334,0.0029879845670597,0.0021109505560092,0.4615384615384615,0.0666666666666666,0.1226415094339622,0.0295774647887323,0.0069264069264069
96,TBStack-LR,1,1,TreeStacking,Move And Rename Class,0.1168384879725085,0.0101059896475228,0.0619469026548672,0.0034482758620689,0.0,3.3718542132851054e-05,0.0154780524466291,0.0049140049140049,0.0,0.1428571428571428,0.0030864197530864,0.0,0.0,0.0027247956403269,0.0006058770069675,0.0,0.0099009900990099,0.0452261306532663,0.0659340659340659,0.0,0.0,0.0,0.0037453183520599,0.0006055101422948,0.0,0.0,0.0002633426966292,0.0,0.0043215211754537,0.0759289176090468,0.0010928961748633,0.0009487666034155,0.0,0.0924731182795698,0.0136239782016348,0.0101225359616409,0.8,0.0,0.0031523237182479,1.2565181881007728e-05,0.1538461538461538,0.0,0.0188679245283018,0.0014084507042253,0.0008658008658008
97,TBStack-LR,1,1,TreeStacking,Move And Rename Class,0.0343642611683848,0.0966231205324131,0.1327433628318584,0.0646551724137931,0.0,0.0086603010146215,0.0664825008632772,0.2555282555282555,0.0085341365461847,0.3333333333333333,0.0092592592592592,0.0,0.0,0.0133212231304874,0.0066646470766434,0.002710027100271,0.1497524752475247,0.1758793969849246,0.1538461538461538,0.1,0.0526315789473684,0.0,0.1872659176029962,0.0006055101422948,0.0063636363636363,0.0,0.0071980337078651,0.0017134289997858,0.1711322385479688,0.3424878836833603,0.0271662763466042,0.0113851992409867,0.5844748858447488,0.3126881720430107,0.0908265213442325,0.1800745871070857,0.0,0.0,0.0,0.0,0.0,0.0,0.0,0.0,0.0
98,TBStack-LR,1,1,TreeStacking,Move And Rename Class,0.0034364261168384,0.0419028839043628,0.0521140609636184,0.0163793103448275,0.0,0.0033549949422186,0.0146452438504194,0.0417690417690417,0.0092871485943775,0.2857142857142857,0.0044091710758377,0.0070422535211267,0.0,0.0093854072055706,0.0006058770069675,0.005420054200542,0.0594059405940594,0.1256281407035175,0.0494505494505494,0.0666666666666666,0.1929824561403508,0.0,0.0365168539325842,0.0003027550711474,0.0072727272727272,0.0,0.004564606741573,0.0012850717498393,0.0181503889369057,0.0936995153473344,0.0104605776736924,0.0009487666034155,0.0091324200913242,0.115268817204301,0.0369361186799878,0.0511454448588172,0.1810344827586207,0.05875152998776,0.0048592099021808,0.0022994282842244,0.6153846153846154,0.1714285714285714,0.2452830188679245,0.0326760563380281,0.0155844155844155
99,TBStack-LR,1,1,TreeStacking,Move And Rename Class,0.0,0.0019719004190288,0.0147492625368731,0.0,0.0,7.663305030193422e-07,0.0007718713818528,0.0,0.0005020080321285,0.0952380952380952,0.0004409171075837,0.0,0.0,0.0006055101422948,0.0,0.0,0.0012376237623762,0.0050251256281407,0.0054945054945054,0.0111111111111111,0.0,0.0,0.0009363295880149,0.0006055101422948,0.0018181818181818,0.0,0.0,0.0,0.0017286084701815,0.0080775444264943,0.0020296643247462,0.0009487666034155,0.0045662100456621,0.010752688172043,0.002119285498032,0.0010655301012253,0.0,0.0,0.0,0.0,0.0,0.0,0.0,0.0,0.0
100,TBStack-LR,1,1,TreeStacking,Move And Rename Class,0.0,0.0,0.0,0.0,0.0,7.663305030193422e-07,0.000101562023928,0.0,0.0,0.0,0.0,0.0,0.0,0.0,0.0,0.0,0.0012376237623762,0.0,0.0,0.0,0.0,0.0,0.0,0.0,0.0,0.0,0.0,0.0,0.0,0.0,0.0,0.0018975332068311,0.0,0.0038709677419354,0.0,0.0005327650506126,0.28,0.011015911872705,0.0078434594885317,0.0,0.3076923076923077,0.0857142857142857,0.1226415094339622,0.0140845070422535,0.0
101,TBStack-LR,1,1,TreeStacking,Move And Rename Class,0.0,0.0022183879714074,0.0137659783677482,0.0008620689655172,0.0,5.364313521135396e-06,0.0013406187158497,0.0049140049140049,0.0,0.0952380952380952,0.0008818342151675,0.0,0.0,0.0018165304268846,0.0015146925174189,0.0,0.0061881188118811,0.0201005025125628,0.0,0.0,0.0,0.0006055101422948,0.0093632958801498,0.0003027550711474,0.0,0.0,0.0003511235955056,0.0,0.0095073465859982,0.0129240710823909,0.0001561280249804,0.0009487666034155,0.0,0.0219354838709677,0.0024220405691795,0.0047948854555141,1.0,0.0,0.0,1.2565181881007728e-05,0.0769230769230769,0.0,0.0094339622641509,0.000281690140845,0.0008658008658008
102,TBStack-LR,1,1,TreeStacking,Move And Rename Class,0.0068728522336769,0.0054227261523293,0.0255653883972468,0.0008620689655172,0.0,0.0,0.0059109097926103,0.0024570024570024,0.0002510040160642,0.1428571428571428,0.0008818342151675,0.0070422535211267,0.0,0.0018165304268846,0.0018176310209027,0.005420054200542,0.0414603960396039,0.0050251256281407,0.0054945054945054,0.0333333333333333,0.0,0.0006055101422948,0.0608614232209737,0.0006055101422948,0.0,0.0,0.0014044943820224,0.0,0.0561797752808988,0.0694668820678513,0.0006245120999219,0.0018975332068311,0.0045662100456621,0.0683870967741935,0.0063578564940962,0.0202450719232818,1.0,0.0,3.734980708824639e-06,1.2565181881007728e-05,0.0769230769230769,0.0,0.0094339622641509,0.000281690140845,0.0008658008658008
103,TBStack-LR,1,1,TreeStacking,Move And Rename Class,0.0,0.0086270643332511,0.0757128810226155,0.0017241379310344,0.0,2.835422861171566e-05,0.0062155958643943,0.0049140049140049,0.0005020080321285,0.1904761904761904,0.0008818342151675,0.0,0.0,0.0054495912806539,0.0006058770069675,0.0,0.0061881188118811,0.0100502512562814,0.0,0.0,0.0,0.004844081138359,0.0093632958801498,0.0054495912806539,0.0045454545454545,0.0,0.0046523876404494,0.0,0.0025929127052722,0.029886914378029,0.0078064012490242,0.0009487666034155,0.0136986301369863,0.0627956989247311,0.0096881622767181,0.0061267980820458,0.2826086956521739,0.0171358629130966,0.0019832747563858,0.0008293020041465,0.3846153846153846,0.0761904761904762,0.1226415094339622,0.0129577464788732,0.0025974025974025
104,TBStack-LR,1,1,TreeStacking,Move And Rename Class,0.0137457044673539,0.002464875523786,0.0147492625368731,0.0,0.0,0.0,0.0020515528833458,0.0024570024570024,0.0002510040160642,0.0952380952380952,0.0,0.0,0.0,0.0018165304268846,0.0003029385034837,0.0,0.0018564356435643,0.0301507537688442,0.0,0.0,0.0116959064327485,0.0,0.0009363295880149,0.0003027550711474,0.0,0.0,8.778089887640449e-05,0.0,0.0,0.0137318255250403,0.0001561280249804,0.0009487666034155,0.0,0.0266666666666666,0.0033303057826218,0.0013319126265316,0.7254901960784313,0.0195838433292533,0.0302271988765178,0.00012565181881,0.2307692307692307,0.0380952380952381,0.0660377358490566,0.0143661971830985,0.0008658008658008
105,TBStack-LR,1,1,TreeStacking,Move And Rename Class,0.0,0.0073946265713581,0.0216322517207472,0.0025862068965517,0.0,0.0001517334395978,0.0039406065284068,0.0,0.0,0.0952380952380952,0.0,0.0,0.0,0.0018165304268846,0.0,0.0,0.0129950495049504,0.0,0.0,0.0666666666666666,0.0,0.0,0.0196629213483146,0.0,0.0,0.0,0.0,0.0027843221246519,0.013828867761452,0.0193861066235864,0.0031225604996096,0.0009487666034155,0.0,0.021505376344086,0.0090826521344232,0.0069259456579648,0.0,0.0,0.0,0.0,0.0,0.0,0.0,0.0,0.0
106,TBStack-LR,1,1,TreeStacking,Move And Rename Class,0.0,0.0056692137047079,0.0216322517207472,0.0008620689655172,0.0064102564102564,3.0653220120773688e-06,0.0077999634376713,0.0024570024570024,0.0007530120481927,0.1428571428571428,0.0008818342151675,0.0,0.0,0.0039358159249167,0.0039382005452893,0.0,0.005569306930693,0.0653266331658291,0.0054945054945054,0.0,0.0,0.0,0.0037453183520599,0.0006055101422948,0.0009090909090909,0.0,0.0,0.0004283572499464,0.0060501296456352,0.011308562197092,0.0034348165495706,0.0075901328273244,0.0,0.0911827956989247,0.0060551014229488,0.0050612679808204,0.5,0.055079559363525,0.0019645998528417,0.0044103788402337,0.3076923076923077,0.0571428571428571,0.0943396226415094,0.0338028169014084,0.0112554112554112
107,TBStack-LR,1,1,TreeStacking,Move And Rename Class,0.0309278350515463,0.0290855311806753,0.063913470993117,0.0301724137931034,0.0,0.0013993194985133,0.0145436818264914,0.0319410319410319,0.0015060240963855,0.3333333333333333,0.0114638447971781,0.0,0.0,0.0009082652134423,0.0006058770069675,0.002710027100271,0.0377475247524752,0.0150753768844221,0.0549450549450549,0.0,0.0116959064327485,0.0,0.045880149812734,0.0006055101422948,0.0009090909090909,0.0,0.0007900280898876,0.0002141786249732,0.0501296456352636,0.1074313408723748,0.0109289617486338,0.0009487666034155,0.0502283105022831,0.0877419354838709,0.0248259158340902,0.0487480021310602,0.0,0.0,0.0,0.0,0.0,0.0,0.0,0.0,0.0
108,TBStack-LR,1,1,TreeStacking,Move And Rename Class,0.0,0.0066551639142223,0.0019665683382497,0.0008620689655172,0.0,0.0,0.0016656171924194,0.0024570024570024,0.0042670682730923,0.1904761904761904,0.0004409171075837,0.0,0.0,0.002119285498032,0.0012117540139351,0.0,0.0024752475247524,0.0351758793969849,0.0109890109890109,0.0,0.0,0.0,0.0018726591760299,0.0012110202845897,0.0,0.0,0.0019311797752808,0.001927607624759,0.0086430423509075,0.0080775444264943,0.0,0.0018975332068311,0.0,0.0206451612903225,0.0057523463518013,0.0042621204049014,1.0,0.0,0.0006648265661707,0.0,0.0769230769230769,0.0,0.0094339622641509,0.000281690140845,0.0051948051948051
109,TBStack-LR,1,1,TreeStacking,Move And Rename Class,0.0,0.001232437761893,0.0088495575221238,0.0008620689655172,0.0,2.2989915090580263e-05,0.0011374946679937,0.0,0.0,0.1428571428571428,0.0004409171075837,0.0,0.0,0.0009082652134423,0.0006058770069675,0.0,0.005569306930693,0.0150753768844221,0.0164835164835164,0.0,0.0175438596491228,0.0,0.0028089887640449,0.0,0.0,0.0,0.0001755617977528,0.0,0.0051858254105445,0.0096930533117932,0.0004683840749414,0.0009487666034155,0.0,0.0176344086021505,0.0015137753557372,0.003196590303676,0.0,0.0,0.0,0.0,0.0,0.0,0.0,0.0,0.0
110,TBStack-LR,1,1,TreeStacking,Move And Rename Class,0.0,0.0278530934187823,0.0422812192723697,0.0163793103448275,0.0,0.0002689820065597,0.0093233937965915,0.0,0.0015060240963855,0.2857142857142857,0.0048500881834215,0.0,0.0,0.0042385709960641,0.0018176310209027,0.0,0.0216584158415841,0.0703517587939698,0.0219780219780219,0.0,0.0116959064327485,0.0,0.0271535580524344,0.0,0.0,0.0126582278481012,0.0014044943820224,0.001927607624759,0.0267934312878133,0.0468497576736672,0.0071818891491022,0.0009487666034155,0.0319634703196347,0.0688172043010752,0.0121102028458976,0.030633990410229,0.9148936170212766,0.0269277845777233,0.001404352746518,0.0009298234591945,0.1538461538461538,0.0,0.0188679245283018,0.0132394366197183,0.0069264069264069
111,TBStack-LR,1,1,TreeStacking,Move And Rename Class,0.0,0.0113384274094158,0.0167158308751229,0.0120689655172413,0.0,0.0,0.0043874794336901,0.0024570024570024,0.0027610441767068,0.238095238095238,0.0013227513227513,0.0,0.0,0.0054495912806539,0.0021205695243865,0.0,0.0030940594059405,0.0552763819095477,0.0109890109890109,0.0,0.0,0.0,0.0018726591760299,0.0003027550711474,0.0,0.0,0.0003511235955056,0.0010708931248661,0.013828867761452,0.0339256865912762,0.0029664324746291,0.0009487666034155,0.0730593607305936,0.04,0.0108991825613079,0.0109216835375599,0.0,0.0,0.0,0.0,0.0,0.0,0.0,0.0,0.0
112,TBStack-LR,1,1,TreeStacking,Move And Rename Class,0.0103092783505154,0.0054227261523293,0.0412979351032448,0.0017241379310344,0.0,6.1306440241547375e-06,0.0040421685523349,0.0,0.0,0.1428571428571428,0.0,0.0,0.0,0.0012110202845897,0.0,0.0,0.0049504950495049,0.0201005025125628,0.0054945054945054,0.0,0.0116959064327485,0.0,0.0046816479400749,0.0,0.0,0.0,0.0001755617977528,0.0,0.0043215211754537,0.0315024232633279,0.0006245120999219,0.0009487666034155,0.0,0.0305376344086021,0.0039358159249167,0.0066595631326584,0.0,0.0,0.0,0.0,0.0,0.0,0.0,0.0,0.0
113,TBStack-LR,1,1,TreeStacking,Move And Rename Class,0.0,0.0315504067044614,0.0147492625368731,0.0146551724137931,0.0,0.0001678263801612,0.0134874367776401,0.0638820638820638,0.0082831325301204,0.3333333333333333,0.0229276895943562,0.0,0.0,0.0130184680593399,0.0115116631323841,0.0,0.0136138613861386,0.0402010050251256,0.0054945054945054,0.0,0.0,0.0105964274901604,0.0196629213483146,0.0130184680593399,0.02,0.0,0.004564606741573,0.0027843221246519,0.0432152117545375,0.067043618739903,0.0449648711943793,0.0047438330170777,0.0319634703196347,0.0804301075268817,0.033605812897366,0.0418220564730953,0.9230769230769232,0.0122399020807833,0.0006648265661707,0.0008041716403844,0.1538461538461538,0.0095238095238095,0.0283018867924528,0.0109859154929577,0.0025974025974025
114,TBStack-LR,1,1,TreeStacking,Move And Rename Class,0.0,0.0019719004190288,0.0029498525073746,0.0008620689655172,0.0,9.962296539251447e-06,0.0125124413479311,0.0,0.0,0.0952380952380952,0.0,0.0,0.0,0.0009082652134423,0.0,0.0,0.0068069306930693,0.0,0.0,0.0333333333333333,0.0058479532163742,0.0,0.0093632958801498,0.0,0.0,0.0,8.778089887640449e-05,0.0,0.0051858254105445,0.0032310177705977,0.0,0.0037950664136622,0.0,0.0331182795698924,0.0018165304268846,0.003196590303676,0.0,0.0,0.0,0.0,0.0,0.0,0.0,0.0,0.0
115,TBStack-LR,1,1,TreeStacking,Move And Rename Class,0.0,0.0027113630761646,0.0009832841691248,0.0,0.0,0.0,0.0008328085962097,0.0,0.0002510040160642,0.0952380952380952,0.0,0.0,0.0,0.0006055101422948,0.0,0.0,0.005569306930693,0.0100502512562814,0.0,0.0,0.0,0.0,0.0084269662921348,0.0,0.0,0.0,0.0,0.0,0.003457216940363,0.0008077544426494,0.0003122560499609,0.0009487666034155,0.0,0.0068817204301075,0.0009082652134423,0.0029302077783697,0.0,0.0,0.0,0.0,0.0,0.0,0.0,0.0,0.0
116,TBStack-LR,1,1,TreeStacking,Move And Rename Class,0.0,0.0,0.0019665683382497,0.0,0.0,0.0,4.062480957120514e-05,0.0,0.0,0.0,0.0,0.0070422535211267,0.0,0.0,0.0,0.0,0.0006188118811881,0.0,0.0,0.0,0.0,0.0,0.0,0.0,0.0,0.0,0.0,0.0,0.0,0.0,0.0,0.0009487666034155,0.0,0.0025806451612903,0.0,0.0002663825253063,0.0,0.0,0.0,0.0,0.0,0.0,0.0,0.0,0.0
117,TBStack-LR,1,1,TreeStacking,Move And Rename Class,0.0034364261168384,0.0239092925807246,0.023598820058997,0.0129310344827586,0.0,0.0,0.0086733968434522,0.0368550368550368,0.0090361445783132,0.238095238095238,0.0030864197530864,0.0,0.0,0.0057523463518013,0.004241139048773,0.0,0.005569306930693,0.0954773869346733,0.0219780219780219,0.0,0.0,0.0,0.0028089887640449,0.0018165304268846,0.0,0.0,0.0043890449438202,0.0032126793745984,0.0129645635263612,0.0686591276252019,0.0037470725995316,0.0028462998102466,0.0045662100456621,0.0739784946236559,0.0236148955495004,0.0191795418220564,1.0,0.0159118727050183,0.0034623271170804,0.0057925488471445,0.0769230769230769,0.0,0.0094339622641509,0.0374647887323943,0.0051948051948051
118,TBStack-LR,1,1,TreeStacking,Move And Rename Class,0.0034364261168384,0.0103524771999014,0.0206489675516224,0.0025862068965517,0.0,0.0004299114121938,0.0045499786719749,0.0049140049140049,0.0005020080321285,0.0952380952380952,0.001763668430335,0.0,0.0,0.0036330608537693,0.0027264465313541,0.0,0.021039603960396,0.0050251256281407,0.0,0.0,0.0,0.0006055101422948,0.0308988764044943,0.0009082652134423,0.0009090909090909,0.0,0.000877808988764,0.0002141786249732,0.0155574762316335,0.0306946688206785,0.0014051522248243,0.0028462998102466,0.0,0.0503225806451612,0.0063578564940962,0.0119872136387852,0.6086956521739131,0.00734394124847,0.0014977272642386,0.0006533894578124,0.2307692307692307,0.0761904761904762,0.1037735849056603,0.0194366197183098,0.0034632034632034
119,TBStack-LR,1,1,TreeStacking,Move And Rename Class,0.0,0.0088735518856297,0.0186823992133726,0.0043103448275862,0.0,7.663305030193422e-07,0.001990615668989,0.0122850122850122,0.0087851405622489,0.1904761904761904,0.0,0.0,0.0,0.0006055101422948,0.0,0.0,0.0012376237623762,0.0,0.0,0.0,0.0,0.0006055101422948,0.0018726591760299,0.0006055101422948,0.0,0.0,0.0097436797752808,0.001927607624759,0.0,0.005654281098546,0.0001561280249804,0.0009487666034155,0.0,0.032258064516129,0.010293672419013,0.0047948854555141,1.0,0.0012239902080783,0.000466872588603,0.0002638688195011,0.0769230769230769,0.0,0.0094339622641509,0.0025352112676056,0.0008658008658008
120,TBStack-LR,1,1,TreeStacking,Move And Rename Class,0.0103092783505154,0.0273601183140251,0.0383480825958702,0.0094827586206896,0.0,9.962296539251448e-05,0.0090593325343787,0.0049140049140049,0.0032630522088353,0.238095238095238,0.0070546737213403,0.0,0.0,0.0093854072055706,0.0006058770069675,0.0,0.0179455445544554,0.0050251256281407,0.0494505494505494,0.3333333333333333,0.0350877192982456,0.0,0.0131086142322097,0.0006055101422948,0.0,0.0,0.0057057584269662,0.0053544656243306,0.017286084701815,0.0807754442649434,0.0057767369242779,0.0009487666034155,0.0136986301369863,0.0868817204301075,0.0217983651226158,0.0223761321257325,0.8571428571428571,0.003671970624235,9.337451772061598e-05,0.0002010429100961,0.1538461538461538,0.0,0.0188679245283018,0.0039436619718309,0.0034632034632034
